{
    "name": "End2EndSetup_data_pool_id_120k_epochs=20_eval_2d_cc-359_varnet-large_c8_epoch_20",
    "uuid": "9300acb2-23ea-4f68-89f3-41991abdcfc3",
    "model": "varnet-large_c8",
    "creation_date": "2025-04-01",
    "eval_metrics": {
        "classic": {
            "cc-359": {
                "SSIM": 0.8984364850680856,
                "SSIM_normal": 0.8950294893023297,
                "PSNR": 33.03465525291794,
                "PSNR_normal": 33.015795105831636,
                "LPIPS": 0.15539461580747876,
                "LPIPS_normal": 0.15885480027842583,
                "DISTS": 0.12626382462995156,
                "DISTS_normal": 0.12737018058837293
            }
        },
        "pathology": {}
    }
}